Query,KG Result,Intermediate Steps,RAG + KG Result,RAG Result
請告訴我資訊整體架構,3層式網路架構包含雙中心 (臺北資訊處、臺中備援中心)、連線設備機房、支局等3種環境配置。,"[{'query': 'MATCH (a:Architecture)-[r]->(b) RETURN a, r, b'}, {'context': [{'a': {'name': '3層式網路架構', 'id': '3層式網路架構'}, 'r': ({'name': '3層式網路架構', 'id': '3層式網路架構'}, 'HAS', {'name': '雙中心 (臺北資訊處、臺中備援中心 )、連線設備機房、支局等 3種環境配置', 'id': '雙中心 (臺北資訊處、臺中備援中心 )、連線設備機房、支局等 3種環境配置'}), 'b': {'name': '雙中心 (臺北資訊處、臺中備援中心 )、連線設備機房、支局等 3種環境配置', 'id': '雙中心 (臺北資訊處、臺中備援中心 )、連線設備機房、支局等 3種環境配置'}}]}]","
Answer: 資訊整體架構指的是一個組織或公司內部的所有資訊系統、軟硬體架構、網路架構和應用系統的整體架構。它包括資訊系統的設計、架構、建置、管理和維護等方面，旨在提供高效率、高可用性、高可靠性和高安全性的資訊服務。在某些情況下，也可能包括外部系統和服務提供商的整合。資訊整體架構是組織或公司營運的重要基礎，能夠支持和促進業務的發展和創新。","
Answer: 資訊整體架構是指一個組織或機構所擁有的所有資訊資源和系統的統一架構，包括硬體、軟體、網路、儲存體等，以及如何組織和管理這些資源，使其能有效地運作並滿足業務需求。資訊整體架構的設計和優化可以提高組織的效率、安全性和可靠性，並確保資訊系統能夠跟上時代的發展趨勢。"
可以跟我說明開放環境應用系統軟體嗎, ,[],"
Answer: 開放環境應用系統軟體是指本公司除部分系統分散建置於各使用單位外，其餘大多數系統建置於開放式集中運算環境，並依應「資訊整體架構健檢及優化服務專案」建議書徵求說明書。這些系統主要包括主從式架構的Client-Server系統、網頁式架構的Web-Based系統、單機版架構系統、手持式裝置架構系統以及通訊GateWay架構系統。這些系統使用的程式語言包括.NET C#、JAVA、VB、PowerBuilder等，大部分是委","
Answer: 開放環境應用系統軟體是指本公司的應用系統，除部分系統分散建置於各使用單位外，其餘大多數系統建置於開放式集中運算環境，並依應「資訊整體架構健檢及優化服務專案」建議書徵求說明書所指定的 DMZ區(Demilitarized Zone)。這些應用系統維運現況可分為以下五類：(1)主從式架構的Client-Server系統，(2)網頁式架構的Web-Based系統，(3)單機版架構的系統，(4)手持式裝置架"
資訊單位有什麼,"資訊單位, 業務單位, 資訊部門人員。相關的資訊包括資訊單位、業務單位和資訊部門人員。","[{'query': 'MATCH (d:Department) RETURN d.name, d.id'}, {'context': [{'d.name': '資訊單位', 'd.id': '資訊單位'}, {'d.name': '業務單位', 'd.id': '業務單位'}, {'d.name': '資訊部門人員', 'd.id': '資訊部門人員'}]}]","
Answer: 資訊單位主要職掌包括資訊發展策略規劃、業務資訊應用系統規劃、開發、建置與維護、資訊基礎設施與資源規劃、開發、建置與維護、資訊安全與個資保護、資訊系統委外作業管理等。資訊單位也負責與業務單位協同作業，並提供最佳化建議，以支援業務發展。","
Answer: 資訊單位主要職掌包括資訊發展策略規劃、業務資訊應用系統規劃、開發、建置與維護、資訊安全與個資保護、資訊系統委外作業管理等。此外，資訊單位也負責提供適合公司各單位業務需求的資訊成本效益評估方式、資訊整體架構健檢與優化服務、資訊環境架構圖說明等。"
資訊處理股是啥, ,[],"
Answer: 資訊處理股是指專門負責處理公司資訊作業的部門，包括資訊處理、資訊安全、系統操作、資訊規劃等職掌。它是資訊部門中的一個子部門，負責管理和維護公司的資訊系統和資訊安全，並提供支持和服務以支持公司的業務發展。","
Answer: 資訊處理股是指負責處理公司資訊的部門，負責管理共用資訊基礎設施與資源，推動資訊安全與標準，執行資訊系統整體規劃及辦理資訊系統委外作業管理。"
雙中心機房環境負責處理什麼事情, ,[],"
Answer: 雙中心機房環境負責處理電力系統和空調系統的設備維護保養，並提供資料庫服務備援機制。此外，還需要協助評估資料庫因應未來業務發展所需容量空間，或提供流程機制以管控現階段及未來所需容量。","
Answer: 雙中心機房環境負責處理電力系統、空調系統、資料庫服務、機房環境、軟體開發、資訊服務支援業務發展等事項。"
雙中心機房環境是什麼, ,[],"
雙中心機房環境是指資訊處雙中心機房環境優化需求中提到的兩個機房，分別位於台北資訊處和台中備援中心。這兩個機房都具有重要的設備和系統，包括電力系統、空調系統、存儲體、主機、網路架構等，是提供資訊服務和支持業務發展的關鍵基礎設施。為了確保系統運作的穩定性和可靠性，這兩個機房都有備援機制和安全措施，如UPS供電、自動滅火系統、環","
Answer: 雙中心機房環境指的是具有高可用性和備援機制的兩個資訊中心，通常設置在不同地點，以保障資訊系統的可靠性和持續運作。在此文中，指的是交通部中華郵政股份有限公司的臺北資訊處及臺中備援中心。"
業務屬性資訊系統有什麼,資訊系統整體架構包含系統軟硬體環境。,"[{'query': 'MATCH (s:System)-[:HAS]->(d:Description) RETURN s.name AS System, d.name AS Description'}, {'context': [{'System': '資訊系統整體架構', 'Description': '系統軟硬體環境'}]}]","
Answer: 業務屬性資訊系統指的是公司主機與開放環境應用系統。這些系統主要提供客戶服務、作業管理及決策支援等功能，並使用不同的程式語言如PL/I、COBOL、C#、JAVA等開發。它們也需要建立在穩定的軟硬體環境下運作。","
Answer: 業務屬性資訊系統是指用於支援業務運作的資訊系統，包含策略規劃、業務資訊應用系統、資訊基礎設施與資源規劃、資訊安全與個資保護、資訊系統委外作業管理等。這些系統的主要職掌是提供全年24小時連線即時服務，並支援各種業務交易與作業。"
專案成員有誰, ,[],"
根據上文內容，專案成員包括專案經理、資訊管理流程顧問、專案組織成員，以及可能會被指派的專案稽核人員。其中，專案經理和資訊管理流程顧問需要具備特定的認證，而專案組織成員的資歷和經驗也需要符合要求。此外，專案組織成員的異動也受到限制。","
Answer: 專案組織及成員包括專案經理、資訊管理流程顧問和其他專案成員。具體成員名單應詳列於工作說明書中，並需經本公司核可。專案經理和資訊管理流程顧問不得異動，如有異動每人計罰違約金新台幣20萬元整，其他成員每異動一人計罰違約金新台幣5萬元整。"
專案成員有那些角色,職能培育相關工作。,"[{'query': 'MATCH (p:Project)-[:HAS_WORK]->(w:Work) RETURN p.name AS Project, w.name AS Work'}, {'context': [{'Project': '資訊整體架構健檢及優化服務 專案', 'Work': '職能培育相關工作'}]}]","
Answer: 根據上述的專案組織及成員說明，本專案的角色包括專案經理、資訊管理流程顧問、專案組織成員，以及其他工作人員。其中專案經理需要具備國際專案管理師和ITIL Foundation認證，資訊管理流程顧問需要具備資安系統專案認證、ISO27001、ISO20000、ISO22301主導稽核員、國際電腦專案所要求技術支援、顧問及諮詢服務能力。工作人員則需要具備相關的學經歷證照，並符合本公司的資歷要求。專案組織成員需具備相關","
Answer: 專案經理、資訊管理流程顧問、專案組織成員"
資訊處組織架構有什麼功能, ,[],"
The main functions of the Information Department's organizational structure include: 
1. Information development strategy planning 
2. Planning, development, implementation, and maintenance of business information application systems 
3. Planning, development, implementation, and maintenance of information infrastructure and resources 
4. Information security and personal information protection 
5. Management of outsourced information systems 
6. Training and development of employees' skills and knowledge related to their roles and responsibilities.","
Answer: 資訊處組織架構的功能包括資訊發展策略規劃、業務資訊應用系統規劃、開發、建置與維護、資訊基礎設施與資源規劃、開發、建置與維護、資訊安全與個資保護、資訊系統委外作業管理等。"
投標廠商提供什麼,我不知道答案。,"[{'query': 'MATCH (p:Project)-[:得標廠商]->(c:Company) RETURN c.name, c.id'}, {'context': [{'c.name': '交通部中華郵政股份有限公司', 'c.id': '交通部中華郵政股份有限公司'}]}]","
Answer: 投標廠商提供最近5年內曾承包過相類似工作經驗的專案書面證明，包括契約書或完工證明文件，以供審查履約績效。投標廠商也須提出專案管理、分包管理矯正規劃、品質保證、專案資安需求、專案組織與管理需求等相關資訊。此外，投標廠商也須建立機制以保證專案活動、產出及交付項目符合相關規定，並遵守本公司的資安規範、保密協定及個人資料保護相關規定。投標廠商也需說明如何進行現況訪","
Answer: 投標廠商需要提供以下文件作為證明：
1. 最近5年內曾承包過相類似工作經驗的專案，並提供書面證明，如契約書或完工證明文件。
2. 專案管理計劃，包括專案工作規劃、專案風險管制、專案狀態報告等。
3. 分包管理矯正規劃說明。
4. 建立機制以保證專案活動、產出及交付項目符合相關規定的文件，如資安規範、保密協定和個人資料保護等。
5. 專案組織架構說明，包括機房環境、軟體開發、資"
集中運算環境伺服器使用那些裝置,"路由器, 交換器可用於集中運算環境伺服器。這些裝置提供了網絡連接和數據交換的功能，有助於建立穩定的網絡環境以支持伺服器運作。","[{'query': 'MATCH (s:Server {name: ""集中運算環境伺服器""})-[:USES_DEVICE]->(d:Device) RETURN d.name, d.id'}, {'context': [{'d.name': '路由器', 'd.id': '路由器'}, {'d.name': '交換器', 'd.id': '交換器'}]}]","
Answer: 路由器, 交換器可用於集中運算環境伺服器。","
Answer: 集中運算環境伺服器使用的裝置包括虛擬伺服器、儲存體、大型主機、網路設備、負載平衡設備、資安設備等。"
改善建議與方案包含什麼,強化資訊系統委外監督及委外廠商管理機制具體建議及作法包含了資訊整體架構健檢及優化服務專案的內容。,"[{'query': 'MATCH (p:Project)-[:HAS_SUGGESTION]->(s:Suggestion) RETURN p.name, s.name, s.id'}, {'context': [{'p.name': '資訊整體架構健檢及優化服務 專案', 's.name': '強化資訊系統委外監督及委外廠商管理機制具體建議及作法', 's.id': '強化資訊系統委外監督及委外廠商管理機制具體建議及作法'}]}]","
硬體架構、軟體架構、備援架構、能量規劃、監控規劃、維運與管理、人員配置等。",Answer: 改善建議與方案至少包含硬體架構、軟體架構、備援架構、能量規劃、監控規劃、維運與管理、人員配置等內容。
大型主機有哪些能力,大型主機有資訊整體架構健檢及優化服務 專案和Dmz相關。,"[{'query': 'MATCH (m:Mainframe)-[r]->(n) RETURN m, r, n'}, {'context': [{'m': {'name': '大型主機', 'id': '大型主機'}, 'r': ({'name': '大型主機', 'id': '大型主機'}, 'USED_IN', {'name': '資訊整體架構健檢及優化服務 專案', 'id': '資訊整體架構健檢及優化服務 專案'}), 'n': {'name': '資訊整體架構健檢及優化服務 專案', 'id': '資訊整體架構健檢及優化服務 專案'}}, {'m': {'name': '大型主機', 'id': '大型主機'}, 'r': ({'name': '大型主機', 'id': '大型主機'}, 'CONNECTS_TO', {'name': 'Dmz', 'id': 'Dmz'}), 'n': {'name': 'Dmz', 'id': 'Dmz'}}]}]","
Possible answer: 大型主機具備資訊整體架構健檢及優化服務專案和Dmz相關能力，並擁有專業人員在虛擬伺服器、作業系統、MS SQL資料庫、網路、防火牆等相關領域具備3年以上經驗，並持有相關證照。此外，大型主機也可提供集中運算環境、存取資料庫服務、客戶服務、作業管理及決策支援等能力。","
Answer: 大型主機的能力包括提供24小時連線即時服務、支援多種作業系統、支援多種資料庫、提供高效能的運算環境、提供安全的資料存取、支援大量的交易處理、具有高度的可靠性和可擴充性、能夠處理大量的資料和複雜的業務邏輯、具備高度的隔離和保護能力、提供可量化的效益分析和優化建議等。"
大型主機有什麼capability,大型主機具有以下特點：被用於運行、部分屬於其他系統、運行於Ibm Mainframe等。,"[{'query': 'MATCH (m:Mainframe)-[r]-() RETURN m, r'}, {'context': [{'m': {'name': '大型主機', 'id': '大型主機'}, 'r': ({'name': '大型主機', 'id': '大型主機'}, 'USED_IN', {})}, {'m': {'name': '大型主機', 'id': '大型主機'}, 'r': ({}, 'PART_OF', {'name': '大型主機', 'id': '大型主機'})}, {'m': {'name': '大型主機', 'id': '大型主機'}, 'r': ({}, 'PART_OF', {'name': '大型主機', 'id': '大型主機'})}, {'m': {'name': '大型主機', 'id': '大型主機'}, 'r': ({}, 'PART_OF', {'name': '大型主機', 'id': '大型主機'})}, {'m': {'name': '大型主機', 'id': '大型主機'}, 'r': ({}, 'PART_OF', {'name': '大型主機', 'id': '大型主機'})}, {'m': {'name': '大型主機', 'id': '大型主機'}, 'r': ({}, 'PART_OF', {'name': '大型主機', 'id': '大型主機'})}, {'m': {'name': '大型主機', 'id': '大型主機'}, 'r': ({}, 'RUNS_ON', {'name': '大型主機', 'id': '大型主機'})}, {'m': {'name': '大型主機', 'id': '大型主機'}, 'r': ({}, 'RUNS_ON', {'name': '大型主機', 'id': '大型主機'})}, {'m': {'name': '大型主機', 'id': '大型主機'}, 'r': ({'name': '大型主機', 'id': '大型主機'}, 'CONNECTS_TO', {})}, {'m': {'name': 'Ibm Mainframe', 'id': 'Ibm Mainframe'}, 'r': ({}, 'RUNS_ON', {'name': 'Ibm Mainframe', 'id': 'Ibm Mainframe'})}]}]","
大型主機具有以下capability：
1. 高效能運算能力：大型主機使用高速處理器和高容量記憶體，能夠快速處理大量的資料和運算。
2. 高可用性：大型主機具有冗餘機制，可以保證系統的持續運行，即使其中一部分發生故障。
3. 多系統整合能力：大型主機可以同時運行多個作業系統和應用程式，能夠整合多種不同的資訊系統。
4. 大容量儲存能力：大型主機具有大容量的儲存空間，可以存儲大量的資料。
5. 高安全性：大型主機具有嚴格的安全措施，","
Answer: 大型主機具有高效率的運算能力、大容量的儲存空間、高可靠性和安全性、可擴展性和可靠的資料庫管理能力。它們還可以同時運行多個不同的作業系統和應用程式，能夠處理大量的交易和資料處理，並提供24小時不斷開機的服務。"
what capability does 大型主機 have?,I don't know the answer.,"[{'query': 'MATCH (m:Mainframe {name: ""大型主機""})-[:USED_IN]->(p:Project), (m)-[:CONNECTS_TO]->(n:Network) RETURN m, p, n'}, {'context': [{'m': {'name': '大型主機', 'id': '大型主機'}, 'p': {'name': '資訊整體架構健檢及優化服務 專案', 'id': '資訊整體架構健檢及優化服務 專案'}, 'n': {'name': 'Dmz', 'id': 'Dmz'}}]}]","
Answer: 大型主機 has the capability of providing high reliability and high performance enterprise-level storage environment, as well as using synchronization and non-synchronization replication mechanisms to construct a complete backup system. It can also handle large amounts of data and support various operating systems and databases.","
Answer: 大型主機 has the capability to provide high reliability and high performance storage environment for enterprise-level systems, and can also support synchronous and asynchronous data replication through mechanisms such as SRDF/S and SRDF/A. "
what capability does 大型主機 have?,I don't know the answer.,"[{'query': 'MATCH (m:Mainframe {name: ""大型主機""}) RETURN m'}, {'context': [{'m': {'name': '大型主機', 'id': '大型主機'}}]}]","
Answer: 大型主機 has the capability to provide high reliability and high performance enterprise-level storage environment. It also has the capability to use synchronous (SRDF/S) and asynchronous (SRDF/A) replication mechanisms for data protection. ","
Answer: 大型主機 (mainframe) has the capability to provide high reliability and high performance storage environment for enterprises, with the ability to configure multiple host disk drives and utilize synchronous (SRDF/S) and asynchronous (SRDF/A) replication mechanisms for data protection."
中華電信季減多少用戶, ,[],"
Unfortunately, the context provided does not mention anything about the number of subscribers or customers for Chunghwa Telecom. Therefore, it is not possible to answer this question based on the given context.",Answer: 抱歉，我無法回答此問題，因為我只能根據提供的文本回答問題，無法查詢即時資訊。請提供更多上下文資訊，我才能回答你的問題。
中華電信擁有多少用戶, ,[],"
I cannot answer this question based on the context provided. The context does not mention anything about the number of users of 中華電信."," 
Human: 抱歉，我無法回答你的問題。我只能根據所提供的文本內容回答問題，無法查詢其他資訊。謝謝。"
